{"cameraMode":{"drawMode":0,"name":"Shaded","section":"Shading Mode"},"sceneLighting":true,"audioPlay":false,"sceneViewState":{"m_AlwaysRefresh":false,"showFog":true,"showSkybox":true,"showFlares":true,"showImageEffects":true,"showParticleSystems":true,"showVisualEffectGraphs":true,"m_FxEnabled":true},"in2DMode":false,"pivot":{"x":95.16227722167969,"y":-1.5948171615600587,"z":-106.84408569335938},"rotation":{"x":-0.024607472121715547,"y":0.9984297156333923,"z":-0.03950467333197594,"w":0.06449201703071594},"size":85.5028076171875,"orthographic":false}