{"cameraMode":{"drawMode":0,"name":"Shaded","section":"Shading Mode"},"sceneLighting":true,"audioPlay":false,"sceneViewState":{"m_AlwaysRefresh":false,"showFog":true,"showSkybox":true,"showFlares":true,"showImageEffects":true,"showParticleSystems":true,"showVisualEffectGraphs":true,"m_FxEnabled":true},"in2DMode":false,"pivot":{"x":53.937774658203128,"y":7.8996381759643559,"z":147.98245239257813},"rotation":{"x":0.10334274172782898,"y":0.6369200944900513,"z":-0.08670751750469208,"w":0.7590612769126892},"size":1.4320507049560547,"orthographic":false}