{"cameraMode":{"drawMode":0,"name":"Shaded","section":"Shading Mode"},"sceneLighting":true,"audioPlay":false,"sceneViewState":{"m_AlwaysRefresh":false,"showFog":true,"showSkybox":true,"showFlares":true,"showImageEffects":true,"showParticleSystems":true,"showVisualEffectGraphs":true,"m_FxEnabled":true},"in2DMode":false,"pivot":{"x":147.42300415039063,"y":8.511053085327149,"z":177.8951873779297},"rotation":{"x":-0.08473171293735504,"y":0.23685906827449799,"z":-0.020800407975912095,"w":-0.9681190252304077},"size":12.175795555114746,"orthographic":false}