{"cameraMode":{"drawMode":0,"name":"Shaded","section":"Shading Mode"},"sceneLighting":true,"audioPlay":false,"sceneViewState":{"m_AlwaysRefresh":false,"showFog":true,"showSkybox":true,"showFlares":true,"showImageEffects":true,"showParticleSystems":true,"showVisualEffectGraphs":true,"m_FxEnabled":true},"in2DMode":false,"pivot":{"x":67.99655151367188,"y":12.636157035827637,"z":140.41554260253907},"rotation":{"x":-0.021149732172489167,"y":-0.7098960876464844,"z":0.02171654999256134,"w":-0.7038564682006836},"size":10.386645317077637,"orthographic":false}