{"cameraMode":{"drawMode":0,"name":"Shaded","section":"Shading Mode"},"sceneLighting":true,"audioPlay":false,"sceneViewState":{"m_AlwaysRefresh":false,"showFog":true,"showSkybox":true,"showFlares":true,"showImageEffects":true,"showParticleSystems":true,"showVisualEffectGraphs":true,"m_FxEnabled":true},"in2DMode":false,"pivot":{"x":32.64388656616211,"y":17.223957061767579,"z":-239.23382568359376},"rotation":{"x":0.002517985412850976,"y":0.19227628409862519,"z":0.0011237714206799865,"w":-0.9815807342529297},"size":13.81577205657959,"orthographic":false}