{"cameraMode":{"drawMode":0,"name":"Shaded","section":"Shading Mode"},"sceneLighting":true,"audioPlay":false,"sceneViewState":{"m_AlwaysRefresh":false,"showFog":true,"showSkybox":true,"showFlares":true,"showImageEffects":true,"showParticleSystems":true,"showVisualEffectGraphs":true,"m_FxEnabled":true},"in2DMode":false,"pivot":{"x":79.40269470214844,"y":-11.304559707641602,"z":30.627910614013673},"rotation":{"x":0.002491047838702798,"y":-0.9559780955314636,"z":0.29380884766578677,"w":-0.05169283226132393},"size":18.95610809326172,"orthographic":false}